3601010,SUMUR,sumur,2022-06-14 02:03:07,2022-06-14 02:03-07
3601020,CIMANGGU,cimanggu,2022-06-14 02:03:07,2022-06-14 02:03-07
3601030,CIBALIUNG,cibaliung,2022-06-14 02:03:07,2022-06-14 02:03-07
3601031,CIBITUNG,cibitung,2022-06-14 02:03:07,2022-06-14 02:03-07
3601040,CIKEUSIK,cikeusik,2022-06-14 02:03:07,2022-06-14 02:03-07
3601050,CIGEULIS,cigeulis,2022-06-14 02:03:07,2022-06-14 02:03-07
3601060,PANIMBANG,panimbang,2022-06-14 02:03:07,2022-06-14 02:03-07
3601061,SOBANG,sobang,2022-06-14 02:03:07,2022-06-14 02:03-07
3601070,MUNJUL,munjul,2022-06-14 02:03:07,2022-06-14 02:03-07
3601071,ANGSANA,angsana,2022-06-14 02:03:07,2022-06-14 02:03-07
3601072,SINDANGRESMI,sindangresmi,2022-06-14 02:03:07,2022-06-14 02:03-07
3601080,PICUNG,picung,2022-06-14 02:03:07,2022-06-14 02:03-07
3601090,BOJONG,bojong,2022-06-14 02:03:07,2022-06-14 02:03-07
3601100,SAKETI,saketi,2022-06-14 02:03:07,2022-06-14 02:03-07
3601101,CISATA,cisata,2022-06-14 02:03:07,2022-06-14 02:03-07
3601110,PAGELARAN,pagelaran,2022-06-14 02:03:07,2022-06-14 02:03-07
3601111,PATIA,patia,2022-06-14 02:03:07,2022-06-14 02:03-07
3601112,SUKARESMI,sukaresmi,2022-06-14 02:03:07,2022-06-14 02:03-07
3601120,LABUAN,labuan,2022-06-14 02:03:07,2022-06-14 02:03-07
3601121,CARITA,carita,2022-06-14 02:03:07,2022-06-14 02:03-07
3601130,JIPUT,jiput,2022-06-14 02:03:07,2022-06-14 02:03-07
3601131,CIKEDAL,cikedal,2022-06-14 02:03:07,2022-06-14 02:03-07
3601140,MENES,menes,2022-06-14 02:03:07,2022-06-14 02:03-07
3601141,PULOSARI,pulosari,2022-06-14 02:03:07,2022-06-14 02:03-07
3601150,MANDALAWANGI,mandalawangi,2022-06-14 02:03:07,2022-06-14 02:03-07
3601160,CIMANUK,cimanuk,2022-06-14 02:03:07,2022-06-14 02:03-07
3601161,CIPEUCANG,cipeucang,2022-06-14 02:03:07,2022-06-14 02:03-07
3601170,BANJAR,banjar,2022-06-14 02:03:07,2022-06-14 02:03-07
3601171,KADUHEJO,kaduhejo,2022-06-14 02:03:07,2022-06-14 02:03-07
3601172,MEKARJAYA,mekarjaya,2022-06-14 02:03:07,2022-06-14 02:03-07
3601180,PANDEGLANG,pandeglang,2022-06-14 02:03:07,2022-06-14 02:03-07
3601181,MAJASARI,majasari,2022-06-14 02:03:07,2022-06-14 02:03-07
3601190,CADASARI,cadasari,2022-06-14 02:03:07,2022-06-14 02:03-07
3601191,KARANGTANJUNG,karangtanjung,2022-06-14 02:03:07,2022-06-14 02:03-07
3601192,KORONCONG,koroncong,2022-06-14 02:03:07,2022-06-14 02:03-07
