3601010001,3601010,UJUNGJAYA,ujungjaya,-6.778869,105.383006,2022-06-14 02:03:07,2022-06-14 02:03:07
3601010002,3601010,TAMANJAYA,tamanjaya,-6.770115226,105.512314,2022-06-14 02:03:07,2022-06-14 02:03:07
3601010003,3601010,CIGORONDONG,cigorondong,-6.741203665,105.5186435,2022-06-14 02:03:07,2022-06-14 02:03:07
3601010004,3601010,TUNGGALJAYA,tunggaljaya,-6.721846575,105.5374997,2022-06-14 02:03:07,2022-06-14 02:03:07
3601010005,3601010,KERTAMUKTI,kertamukti,3.1187,97.3112,2022-06-14 02:03:07,2022-06-14 02:03:07
3601010006,3601010,KERTAJAYA,kertajaya,3.1187,97.3112,2022-06-14 02:03:07,2022-06-14 02:03:07
3601010007,3601010,SUMBERJAYA,sumberjaya,3.1187,97.3112,2022-06-14 02:03:07,2022-06-14 02:03:07
3601020001,3601020,RANCAPINANG,rancapinang,-6.838235948,105.6006146,2022-06-14 02:03:07,2022-06-14 02:03:07
3601020002,3601020,CIBADAK,cibadak,-6.824724528,105.6198122,2022-06-14 02:03:07,2022-06-14 02:03:07
3601020003,3601020,BATUHIDEUNG,batuhideung,-6.813267235,105.6511655,2022-06-14 02:03:07,2022-06-14 02:03:07
3601020005,3601020,KRAMATJAYA,kramatjaya,-6.778819692,105.6236354,2022-06-14 02:03:07,2022-06-14 02:03:07
3601020006,3601020,MANGKUALAM,mangkualam,-6.762256398,105.6384204,2022-06-14 02:03:07,2022-06-14 02:03:07
3601020007,3601020,PADASUKA,padasuka,3.1187,97.3112,2022-06-14 02:03:07,2022-06-14 02:03:07
3601020008,3601020,CIBURIAL,ciburial,-6.728329879,105.6719209,2022-06-14 02:03:07,2022-06-14 02:03:07
3601020009,3601020,WARINGINKURUNG,waringinkurung,-6.064874,106.064205,2022-06-14 02:03:07,2022-06-14 02:03:07
3601020010,3601020,CIJARALANG,cijaralang,-6.678680608,105.6723732,2022-06-14 02:03:07,2022-06-14 02:03:07
3601020011,3601020,CIMANGGU,cimanggu,-7.252144064,106.6707843,2022-06-14 02:03:07,2022-06-14 02:03:07
3601020012,3601020,TANGKILSARI,tangkilsari,-6.662729,105.611447,2022-06-14 02:03:07,2022-06-14 02:03:07
3601030011,3601030,SUKAJADI,sukajadi,-6.720918428,105.7082634,2022-06-14 02:03:07,2022-06-14 02:03:07
3601030012,3601030,SUDIMANIK,sudimanik,-6.739790244,105.7278894,2022-06-14 02:03:07,2022-06-14 02:03:07
3601030013,3601030,SORONGAN,sorongan,-6.75341619,105.7533978,2022-06-14 02:03:07,2022-06-14 02:03:07
3601030015,3601030,CIHANJUANG,cihanjuang,-6.727435928,105.8032669,2022-06-14 02:03:07,2022-06-14 02:03:07
3601030016,3601030,CIBINGBIN,cibingbin,-6.724769822,105.7791059,2022-06-14 02:03:07,2022-06-14 02:03:07
3601030017,3601030,CIBALIUNG,cibaliung,-6.711420769,105.7301562,2022-06-14 02:03:07,2022-06-14 02:03:07
3601030019,3601030,MAHENDRA,mahendra,-6.684740833,105.7176575,2022-06-14 02:03:07,2022-06-14 02:03:07
3601031001,3601031,CITELUK,citeluk,-6.814430612,105.6735786,2022-06-14 02:03:07,2022-06-14 02:03:07
3601031002,3601031,SINDANGKERTA,sindangkerta,-6.821789105,105.6928564,2022-06-14 02:03:07,2022-06-14 02:03:07
3601031003,3601031,KIARAJANGKUNG,kiarajangkung,-6.804323919,105.710785,2022-06-14 02:03:07,2022-06-14 02:03:07
3601031004,3601031,KUTAKARANG,kutakarang,-6.815194831,105.7462091,2022-06-14 02:03:07,2022-06-14 02:03:07
3601031005,3601031,CIKIRUH,cikiruh,-6.802249825,105.7626687,2022-06-14 02:03:07,2022-06-14 02:03:07
3601031006,3601031,MALANGNENGAH,malangnengah,-6.761113084,105.7286757,2022-06-14 02:03:07,2022-06-14 02:03:07
3601031007,3601031,CIKADU,cikadu,-6.748216556,105.7028371,2022-06-14 02:03:07,2022-06-14 02:03:07
3601031008,3601031,MANGLID,manglid,-6.785789695,105.6929027,2022-06-14 02:03:07,2022-06-14 02:03:07
3601031009,3601031,KIARAPAYUNG,kiarapayung,-6.777326065,105.671603,2022-06-14 02:03:07,2022-06-14 02:03:07
3601031010,3601031,CIKALONG,cikalong,-6.747495485,105.6843442,2022-06-14 02:03:07,2022-06-14 02:03:07
3601040001,3601040,TANJUNGAN,tanjungan,-6.821847923,105.8048442,2022-06-14 02:03:07,2022-06-14 02:03:07
3601040002,3601040,CIKIRUHWETAN,cikiruhwetan,3.1187,97.3112,2022-06-14 02:03:07,2022-06-14 02:03:07
3601040003,3601040,SUKAWARIS,sukawaris,-6.809526271,105.8554953,2022-06-14 02:03:07,2022-06-14 02:03:07
3601040004,3601040,SUMURBATU,sumurbatu,-6.790342943,105.8497574,2022-06-14 02:03:07,2022-06-14 02:03:07
3601040005,3601040,UMBULAN,umbulan,-6.766952535,105.8503113,2022-06-14 02:03:07,2022-06-14 02:03:07
3601040006,3601040,SUKAMULYA,sukamulya,-6.767644075,105.8254757,2022-06-14 02:03:07,2022-06-14 02:03:07
3601040007,3601040,PARUNGKOKOSAN,parungkokosan,-6.762818642,105.7916132,2022-06-14 02:03:07,2022-06-14 02:03:07
3601040008,3601040,NANGGALA,nanggala,-6.730904339,105.8351455,2022-06-14 02:03:07,2022-06-14 02:03:07
3601040009,3601040,RANCASENENG,rancaseneng,-6.7582008,105.8600832,2022-06-14 02:03:07,2022-06-14 02:03:07
3601040010,3601040,SUKASENENG,sukaseneng,-6.749194423,105.8810027,2022-06-14 02:03:07,2022-06-14 02:03:07
3601040011,3601040,CIKEUSIK,cikeusik,-6.724345106,105.8661866,2022-06-14 02:03:07,2022-06-14 02:03:07
3601040012,3601040,LEUWIBALANG,leuwibalang,-6.689896537,105.8606593,2022-06-14 02:03:07,2022-06-14 02:03:07
3601040013,3601040,CURUGCIUNG,curugciung,-6.706135734,105.8908825,2022-06-14 02:03:07,2022-06-14 02:03:07
3601040014,3601040,CIKADONGDONG,cikadongdong,-6.709113124,105.907135,2022-06-14 02:03:07,2022-06-14 02:03:07
3601050001,3601050,BANYUASIH,banyuasih,-6.583734667,105.6335078,2022-06-14 02:03:07,2022-06-14 02:03:07
3601050002,3601050,KARANGBOLONG,karangbolong,-6.639003967,105.6540567,2022-06-14 02:03:07,2022-06-14 02:03:07
3601050003,3601050,KARYABUANA,karyabuana,-6.616006789,105.6906757,2022-06-14 02:03:07,2022-06-14 02:03:07
3601050004,3601050,KATUMBIRI,katumbiri,-6.647094307,105.6865744,2022-06-14 02:03:07,2022-06-14 02:03:07
3601050005,3601050,WARINGINJAYA,waringinjaya,-6.663325283,105.719806,2022-06-14 02:03:07,2022-06-14 02:03:07
3601050006,3601050,SINARJAYA,sinarjaya,-6.637333854,105.7310622,2022-06-14 02:03:07,2022-06-14 02:03:07
3601050007,3601050,CISEUREUHEUN,ciseureuheun,-6.608901471,105.7325493,2022-06-14 02:03:07,2022-06-14 02:03:07
3601050009,3601050,CIGEULIS,cigeulis,-6.585222167,105.6829067,2022-06-14 02:03:07,2022-06-14 02:03:07
3601050010,3601050,TARUMANAGARA,tarumanagara,-6.562003882,105.6831469,2022-06-14 02:03:07,2022-06-14 02:03:07
3601060007,3601060,MEKARJAYA,mekarjaya,-6.504861905,105.8196411,2022-06-14 02:03:07,2022-06-14 02:03:07
3601060008,3601060,GOMBONG,gombong,-6.526184475,105.8002959,2022-06-14 02:03:07,2022-06-14 02:03:07
3601060009,3601060,PANIMBANGJAYA,panimbangjaya,-6.500772541,105.7970861,2022-06-14 02:03:07,2022-06-14 02:03:07
3601060010,3601060,MEKARSARI,mekarsari,-6.523047,105.754939,2022-06-14 02:03:07,2022-06-14 02:03:07
3601060011,3601060,CITEUREUP,citeureup,3.1187,97.3112,2022-06-14 02:03:07,2022-06-14 02:03:07
3601060012,3601060,TANJUNGJAYA,tanjungjaya,-6.517749767,105.656631,2022-06-14 02:03:07,2022-06-14 02:03:07
3601061001,3601061,CIMANIS,cimanis,-6.569465105,105.7327075,2022-06-14 02:03:07,2022-06-14 02:03:07
3601061002,3601061,PANGKALAN,pangkalan,-6.556477273,105.765855,2022-06-14 02:03:07,2022-06-14 02:03:07
3601061003,3601061,SOBANG,sobang,-6.614869155,105.7779608,2022-06-14 02:03:07,2022-06-14 02:03:07
3601061004,3601061,KUTAMEKAR,kutamekar,-6.594238272,105.7792528,2022-06-14 02:03:07,2022-06-14 02:03:07
3601061005,3601061,BOJEN,bojen,-6.56073375,105.7813847,2022-06-14 02:03:07,2022-06-14 02:03:07
3601061006,3601061,KERTARAHARJA,kertaraharja,-6.588447689,105.8074693,2022-06-14 02:03:07,2022-06-14 02:03:07
3601061007,3601061,TELUKLADA,teluklada,-6.528456477,105.8219176,2022-06-14 02:03:07,2022-06-14 02:03:07
3601061008,3601061,BOJENWETAN,bojenwetan,-6.559285714,105.8006738,2022-06-14 02:03:07,2022-06-14 02:03:07
3601070003,3601070,LEBAK,lebak,-6.645620816,105.8840302,2022-06-14 02:03:07,2022-06-14 02:03:07
3601070004,3601070,GUNUNGBATU,gunungbatu,-6.65714891,105.902348,2022-06-14 02:03:07,2022-06-14 02:03:07
3601070005,3601070,PANACARAN,panacaran,-6.665895418,105.9262456,2022-06-14 02:03:07,2022-06-14 02:03:07
3601070006,3601070,CURUGLANGLANG,curuglanglang,-6.621258894,105.9233214,2022-06-14 02:03:07,2022-06-14 02:03:07
3601070008,3601070,CIBITUNG,cibitung,-6.614302326,105.8811965,2022-06-14 02:03:07,2022-06-14 02:03:07
3601070018,3601070,KOTADUKUH,kotadukuh,-6.585706909,105.9080218,2022-06-14 02:03:07,2022-06-14 02:03:07
3601070019,3601070,PASANGGRAHAN,pasanggrahan,-6.60599084,105.9030588,2022-06-14 02:03:07,2022-06-14 02:03:07
3601070020,3601070,SUKASABA,sukasaba,-6.601571223,105.9270434,2022-06-14 02:03:07,2022-06-14 02:03:07
3601071001,3601071,CIPINANG,cipinang,-6.620622644,105.845219,2022-06-14 02:03:07,2022-06-14 02:03:07
3601071002,3601071,KADUBADAK,kadubadak,-6.646577649,105.8510751,2022-06-14 02:03:07,2022-06-14 02:03:07
3601071004,3601071,CIKAYAS,cikayas,-6.584212202,105.8833279,2022-06-14 02:03:07,2022-06-14 02:03:07
3601071005,3601071,SUMURLABAN,sumurlaban,-6.591535751,105.8573324,2022-06-14 02:03:07,2022-06-14 02:03:07
3601071006,3601071,PADAMULYA,padamulya,-6.584531541,105.8391373,2022-06-14 02:03:07,2022-06-14 02:03:07
3601071007,3601071,PADAHERANG,padaherang,-6.575735235,105.8222104,2022-06-14 02:03:07,2022-06-14 02:03:07
3601071008,3601071,KARANGSARI,karangsari,-6.561961976,105.836359,2022-06-14 02:03:07,2022-06-14 02:03:07
3601071009,3601071,ANGSANA,angsana,-6.559844009,105.8578592,2022-06-14 02:03:07,2022-06-14 02:03:07
3601071010,3601071,KRAMATMANIK,kramatmanik,-6.550395568,105.8729048,2022-06-14 02:03:07,2022-06-14 02:03:07
3601072001,3601072,PASIRLOA,pasirloa,-6.540776923,105.8744312,2022-06-14 02:03:07,2022-06-14 02:03:07
3601072002,3601072,BOJONGMANIK,bojongmanik,-6.564717448,105.8971948,2022-06-14 02:03:07,2022-06-14 02:03:07
3601072003,3601072,CAMPAKAWARNA,campakawarna,-6.562544,105.920003,2022-06-14 02:03:07,2022-06-14 02:03:07
3601072004,3601072,CIODENG,ciodeng,-6.570001852,105.941642,2022-06-14 02:03:07,2022-06-14 02:03:07
3601072005,3601072,PASIRTENJO,pasirtenjo,-6.559266327,105.9549714,2022-06-14 02:03:07,2022-06-14 02:03:07
3601072006,3601072,SINDANGRESMI,sindangresmi,-6.541296,105.922512,2022-06-14 02:03:07,2022-06-14 02:03:07
3601072007,3601072,PASIRLANCAR,pasirlancar,-6.532172487,105.9013278,2022-06-14 02:03:07,2022-06-14 02:03:07
3601072008,3601072,PASIRDURUNG,pasirdurung,-6.520715337,105.9376221,2022-06-14 02:03:07,2022-06-14 02:03:07
3601072009,3601072,KADUMALATI,kadumalati,-6.505516828,105.917776,2022-06-14 02:03:07,2022-06-14 02:03:07
3601080001,3601080,CIHERANG,ciherang,3.1187,97.3112,2022-06-14 02:03:07,2022-06-14 02:03:07
3601080002,3601080,KOLELET,kolelet,-6.525949655,105.9656131,2022-06-14 02:03:07,2022-06-14 02:03:07
3601080003,3601080,CILILITAN,cililitan,-6.504886826,105.9823225,2022-06-14 02:03:07,2022-06-14 02:03:07
3601080004,3601080,KADUPANDAK,kadupandak,-6.501184599,105.9618742,2022-06-14 02:03:07,2022-06-14 02:03:07
3601080005,3601080,BUNGURCOPONG,bungurcopong,-6.514497507,105.9431623,2022-06-14 02:03:07,2022-06-14 02:03:07
3601080006,3601080,PASIRSEDANG,pasirsedang,-6.477499684,105.9478239,2022-06-14 02:03:07,2022-06-14 02:03:07
3601080007,3601080,PASIRPANJANG,pasirpanjang,-6.474251689,105.9202311,2022-06-14 02:03:07,2022-06-14 02:03:07
3601080008,3601080,KADUBERA,kadubera,-6.456736929,105.917951,2022-06-14 02:03:07,2022-06-14 02:03:07
3601080009,3601080,GANGGAENG,ganggaeng,-6.492019429,105.9197217,2022-06-14 02:03:07,2022-06-14 02:03:07
3601090002,3601090,MEKARSARI,mekarsari,-6.471746047,105.9738583,2022-06-14 02:03:07,2022-06-14 02:03:07
3601090003,3601090,CIJAKAN,cijakan,-6.486105634,105.9876011,2022-06-14 02:03:07,2022-06-14 02:03:07
3601090004,3601090,CITUMENGGUNG,citumenggung,-6.464737356,105.9994006,2022-06-14 02:03:07,2022-06-14 02:03:07
3601090005,3601090,CAHAYAMEKAR,cahayamekar,-6.443451064,106.0097638,2022-06-14 02:03:07,2022-06-14 02:03:07
3601090006,3601090,BOJONG,bojong,-7.132367598,109.1512894,2022-06-14 02:03:07,2022-06-14 02:03:07
3601090007,3601090,BANYUMAS,banyumas,-6.417911605,105.9993802,2022-06-14 02:03:07,2022-06-14 02:03:07
3601090008,3601090,MANGGUNGJAYA,manggungjaya,-6.424004494,106.0151348,2022-06-14 02:03:07,2022-06-14 02:03:07
3601100005,3601100,SUKALANGU,sukalangu,-6.450083505,105.9274585,2022-06-14 02:03:07,2022-06-14 02:03:07
3601100006,3601100,LANGENSARI,langensari,-6.436474583,105.9392933,2022-06-14 02:03:07,2022-06-14 02:03:07
3601100008,3601100,MAJAU,majau,-6.439392118,105.9544282,2022-06-14 02:03:07,2022-06-14 02:03:07
3601100009,3601100,MEDALSARI,medalsari,-6.412697596,105.9533567,2022-06-14 02:03:07,2022-06-14 02:03:07
3601100010,3601100,SODONG,sodong,-6.4070699,105.9731495,2022-06-14 02:03:07,2022-06-14 02:03:07
3601100011,3601100,MEKARWANGI,mekarwangi,-6.420562881,105.9896468,2022-06-14 02:03:07,2022-06-14 02:03:07
3601100012,3601100,CIANDUR,ciandur,-6.402578495,105.9850263,2022-06-14 02:03:07,2022-06-14 02:03:07
3601100013,3601100,SAKETI,saketi,-6.403620199,105.9973457,2022-06-14 02:03:07,2022-06-14 02:03:07
3601100014,3601100,KADUDAMPIT,kadudampit,-6.391019544,105.9986381,2022-06-14 02:03:07,2022-06-14 02:03:07
3601100015,3601100,GIRIJAYA,girijaya,-6.386741921,105.9831672,2022-06-14 02:03:07,2022-06-14 02:03:07
3601100016,3601100,WANAGIRI,wanagiri,-6.378258228,105.9907051,2022-06-14 02:03:07,2022-06-14 02:03:07
3601100017,3601100,PARIGI,parigi,-6.3694744,105.9927805,2022-06-14 02:03:07,2022-06-14 02:03:07
3601100018,3601100,TALAGASARI,talagasari,-6.381851597,105.9721779,2022-06-14 02:03:07,2022-06-14 02:03:07
3601100019,3601100,SINDANGHAYU,sindanghayu,-6.39282,105.9613593,2022-06-14 02:03:07,2022-06-14 02:03:07
3601101001,3601101,KONDANGJAYA,kondangjaya,-6.416101479,105.9103027,2022-06-14 02:03:07,2022-06-14 02:03:07
3601101002,3601101,KUBANGKONDANG,kubangkondang,-6.440202738,105.8977787,2022-06-14 02:03:07,2022-06-14 02:03:07
3601101003,3601101,CISEREH,cisereh,-6.437908787,105.9094305,2022-06-14 02:03:07,2022-06-14 02:03:07
3601101004,3601101,CIBARANI,cibarani,-6.431302041,105.9193273,2022-06-14 02:03:07,2022-06-14 02:03:07
3601101005,3601101,RAWASARI,rawasari,-6.416529108,105.9407812,2022-06-14 02:03:07,2022-06-14 02:03:07
3601101006,3601101,PASIREURIH,pasireurih,-6.391314888,105.9503104,2022-06-14 02:03:07,2022-06-14 02:03:07
3601101007,3601101,KADURONYOK,kaduronyok,-6.375120139,105.963216,2022-06-14 02:03:07,2022-06-14 02:03:07
3601101008,3601101,CIHERANGJAYA,ciherangjaya,-6.372265426,105.9556367,2022-06-14 02:03:07,2022-06-14 02:03:07
3601101009,3601101,PALEMBANG,palembang,-6.358435088,105.9630461,2022-06-14 02:03:07,2022-06-14 02:03:07
3601110020,3601110,TEGALPAPAK,tegalpapak,-6.442901548,105.8298941,2022-06-14 02:03:07,2022-06-14 02:03:07
3601110021,3601110,MARGAGIRI,margagiri,-6.418128421,105.8346295,2022-06-14 02:03:07,2022-06-14 02:03:07
3601110022,3601110,BAMA,bama,-6.404408738,105.8475913,2022-06-14 02:03:07,2022-06-14 02:03:07
3601110023,3601110,PAGELARAN,pagelaran,-5.373027419,104.8783306,2022-06-14 02:03:07,2022-06-14 02:03:07
3601110024,3601110,SUKADAME,sukadame,-6.435247719,105.8667804,2022-06-14 02:03:07,2022-06-14 02:03:07
3601110025,3601110,BULAGOR,bulagor,-6.440779536,105.8828361,2022-06-14 02:03:07,2022-06-14 02:03:07
3601110026,3601110,SURAKARTA,surakarta,-6.425183516,105.8793245,2022-06-14 02:03:07,2022-06-14 02:03:07
3601110027,3601110,HARAPANKARYA,harapankarya,-6.414227523,105.8796817,2022-06-14 02:03:07,2022-06-14 02:03:07
3601110029,3601110,MONTOR,montor,-6.404732743,105.8721181,2022-06-14 02:03:07,2022-06-14 02:03:07
3601110030,3601110,KARTASANA,kartasana,-6.412041,105.862438,2022-06-14 02:03:07,2022-06-14 02:03:07
3601110031,3601110,SENANGSARI,senangsari,-6.39958427,105.8550157,2022-06-14 02:03:07,2022-06-14 02:03:07
3601110032,3601110,SINDANGLAYA,sindanglaya,-6.40466375,105.8353413,2022-06-14 02:03:07,2022-06-14 02:03:07
3601110033,3601110,MARGASANA,margasana,-6.395476613,105.8382944,2022-06-14 02:03:07,2022-06-14 02:03:07
3601111009,3601111,PASIRGADUNG,pasirgadung,-6.48869446,105.8962371,2022-06-14 02:03:07,2022-06-14 02:03:07
3601111010,3601111,PATIA,patia,-6.487799338,105.8662954,2022-06-14 02:03:07,2022-06-14 02:03:07
3601111011,3601111,BABAKANKEUSIK,babakankeusik,-6.479179268,105.8782996,2022-06-14 02:03:07,2022-06-14 02:03:07
3601111012,3601111,CIMOYAN,cimoyan,-6.475672131,105.8979393,2022-06-14 02:03:07,2022-06-14 02:03:07
3601111013,3601111,IDAMAN,idaman,-6.454196014,105.8890414,2022-06-14 02:03:07,2022-06-14 02:03:07
3601111014,3601111,CIAWI,ciawi,-6.456393491,105.8650533,2022-06-14 02:03:07,2022-06-14 02:03:07
3601111015,3601111,SURIANEUN,surianeun,-6.456493031,105.8576697,2022-06-14 02:03:07,2022-06-14 02:03:07
3601111016,3601111,RAHAYU,rahayu,-6.448406731,105.8501471,2022-06-14 02:03:07,2022-06-14 02:03:07
3601111017,3601111,SIMPANGTIGA,simpangtiga,-6.503996667,105.8983128,2022-06-14 02:03:07,2022-06-14 02:03:07
3601112001,3601112,SEUSEUPAN,seuseupan,-6.546711765,105.8202059,2022-06-14 02:03:07,2022-06-14 02:03:07
3601112002,3601112,KARYASARI,karyasari,-6.541187048,105.8435846,2022-06-14 02:03:07,2022-06-14 02:03:07
3601112003,3601112,PASIRKADU,pasirkadu,-6.519623011,105.8540648,2022-06-14 02:03:07,2022-06-14 02:03:07
3601112004,3601112,PERDANA,perdana,-6.525853016,105.8376311,2022-06-14 02:03:07,2022-06-14 02:03:07
3601112005,3601112,SUKARESMI,sukaresmi,-6.730920647,107.1279816,2022-06-14 02:03:07,2022-06-14 02:03:07
3601112006,3601112,KUBANGKAMPIL,kubangkampil,-6.480196324,105.8326412,2022-06-14 02:03:07,2022-06-14 02:03:07
3601112007,3601112,SIDAMUKTI,sidamukti,-6.488396899,105.8151736,2022-06-14 02:03:07,2022-06-14 02:03:07
3601112008,3601112,CIBUNGUR,cibungur,-6.457715294,105.8235549,2022-06-14 02:03:07,2022-06-14 02:03:07
3601112010,3601112,CIKUYA,cikuya,-6.442575417,105.83659,2022-06-14 02:03:07,2022-06-14 02:03:07
3601120001,3601120,CIGONDANG,cigondang,-6.38151,105.82573,2022-06-14 02:03:07,2022-06-14 02:03:07
3601120002,3601120,SUKAMAJU,sukamaju,-6.38757619,105.8338512,2022-06-14 02:03:07,2022-06-14 02:03:07
3601120003,3601120,RANCATEUREUP,rancateureup,-6.378887375,105.8473781,2022-06-14 02:03:07,2022-06-14 02:03:07
3601120004,3601120,KALANGANYAR,kalanganyar,-6.372968939,105.8330341,2022-06-14 02:03:07,2022-06-14 02:03:07
3601120005,3601120,LABUAN,labuan,-6.377134211,105.8296197,2022-06-14 02:03:07,2022-06-14 02:03:07
3601120007,3601120,BANYUMEKAR,banyumekar,-6.371384946,105.8478265,2022-06-14 02:03:07,2022-06-14 02:03:07
3601120008,3601120,BANYUBIRU,banyubiru,-6.35728,105.8443319,2022-06-14 02:03:07,2022-06-14 02:03:07
3601120009,3601120,CARINGIN,caringin,-6.35648239,105.8301459,2022-06-14 02:03:07,2022-06-14 02:03:07
3601121001,3601121,PEJAMBEN,pejamben,-6.342028966,105.8361462,2022-06-14 02:03:07,2022-06-14 02:03:07
3601121002,3601121,BANJARMASIN,banjarmasin,-6.326951825,105.8364927,2022-06-14 02:03:07,2022-06-14 02:03:07
3601121003,3601121,TEMBONG,tembong,-6.329515698,105.8466407,2022-06-14 02:03:07,2022-06-14 02:03:07
3601121004,3601121,SINDANGLAUT,sindanglaut,-6.311898624,105.8607317,2022-06-14 02:03:07,2022-06-14 02:03:07
3601121005,3601121,CARITA,carita,-6.321001676,105.8436302,2022-06-14 02:03:07,2022-06-14 02:03:07
3601121006,3601121,SUKAJADI,sukajadi,-6.308922523,105.8444288,2022-06-14 02:03:07,2022-06-14 02:03:07
3601121007,3601121,SUKARAME,sukarame,-6.277650508,105.8568579,2022-06-14 02:03:07,2022-06-14 02:03:07
3601121008,3601121,SUKANAGARA,sukanagara,-6.247187,105.832518,2022-06-14 02:03:07,2022-06-14 02:03:07
3601121009,3601121,KAWOYANG,kawoyang,-6.255753807,105.875098,2022-06-14 02:03:07,2022-06-14 02:03:07
3601121010,3601121,CINOYONG,cinoyong,-6.248440839,105.899749,2022-06-14 02:03:07,2022-06-14 02:03:07
3601130007,3601130,BANYURESMI,banyuresmi,-6.352156561,105.873743,2022-06-14 02:03:07,2022-06-14 02:03:07
3601130008,3601130,SALAPRAYA,salapraya,-6.35864,105.8861786,2022-06-14 02:03:07,2022-06-14 02:03:07
3601130009,3601130,PAMARAYAN,pamarayan,-6.354184252,105.9023244,2022-06-14 02:03:07,2022-06-14 02:03:07
3601130010,3601130,SAMPANGBITUNG,sampangbitung,-6.353668,105.910223,2022-06-14 02:03:07,2022-06-14 02:03:07
3601130011,3601130,JIPUT,jiput,-6.345019512,105.8923232,2022-06-14 02:03:07,2022-06-14 02:03:07
3601130012,3601130,SUKACAI,sukacai,-6.349739085,105.8694451,2022-06-14 02:03:07,2022-06-14 02:03:07
3601130013,3601130,TENJOLAHANG,tenjolahang,-6.35776,105.8563297,2022-06-14 02:03:07,2022-06-14 02:03:07
3601130014,3601130,BABADSARI,babadsari,-6.346381667,105.8535125,2022-06-14 02:03:07,2022-06-14 02:03:07
3601130015,3601130,JANAKA,janaka,-6.334348018,105.8695903,2022-06-14 02:03:07,2022-06-14 02:03:07
3601130016,3601130,SUKAMANAH,sukamanah,-6.33309907,105.8964749,2022-06-14 02:03:07,2022-06-14 02:03:07
3601130018,3601130,SIKULAN,sikulan,-6.304171841,105.9101383,2022-06-14 02:03:07,2022-06-14 02:03:07
3601130019,3601130,CITAMAN,citaman,-6.290068774,105.9005086,2022-06-14 02:03:07,2022-06-14 02:03:07
3601130020,3601130,JAYAMEKAR,jayamekar,-6.301231957,105.883108,2022-06-14 02:03:07,2022-06-14 02:03:07
3601131001,3601131,KARYAUTAMA,karyautama,-6.403070391,105.8866855,2022-06-14 02:03:07,2022-06-14 02:03:07
3601131002,3601131,TEGAL,tegal,-6.408070347,105.8982394,2022-06-14 02:03:07,2022-06-14 02:03:07
3601131003,3601131,CIPICUNG,cipicung,-6.392888333,105.8981339,2022-06-14 02:03:07,2022-06-14 02:03:07
3601131004,3601131,KARYASARI,karyasari,-6.377603756,105.8991761,2022-06-14 02:03:07,2022-06-14 02:03:07
3601131005,3601131,DAHU,dahu,-6.382107473,105.8840267,2022-06-14 02:03:07,2022-06-14 02:03:07
3601131006,3601131,BABAKANLOR,babakanlor,-6.38905914,105.873379,2022-06-14 02:03:07,2022-06-14 02:03:07
3601131007,3601131,MEKARJAYA,mekarjaya,-6.380501569,105.8715255,2022-06-14 02:03:07,2022-06-14 02:03:07
3601131008,3601131,PADAHAYU,padahayu,-6.373424889,105.8600791,2022-06-14 02:03:07,2022-06-14 02:03:07
3601131009,3601131,BANGKUYUNG,bangkuyung,-6.365536641,105.8668832,2022-06-14 02:03:07,2022-06-14 02:03:07
3601131010,3601131,CENING,cening,-6.366641463,105.889228,2022-06-14 02:03:07,2022-06-14 02:03:07
3601140003,3601140,ALASWANGI,alaswangi,-6.395565152,105.9116121,2022-06-14 02:03:07,2022-06-14 02:03:07
3601140004,3601140,TEGALWANGI,tegalwangi,-6.397492391,105.9229636,2022-06-14 02:03:07,2022-06-14 02:03:07
3601140006,3601140,KANANGA,kananga,-6.387651099,105.937794,2022-06-14 02:03:07,2022-06-14 02:03:07
3601140007,3601140,CILABANBULAN,cilabanbulan,-6.383989121,105.9420753,2022-06-14 02:03:07,2022-06-14 02:03:07
3601140008,3601140,SINDANGKARYA,sindangkarya,-6.370995349,105.9361264,2022-06-14 02:03:07,2022-06-14 02:03:07
3601140009,3601140,CIGANDENG,cigandeng,-6.369251685,105.9286427,2022-06-14 02:03:07,2022-06-14 02:03:07
3601140010,3601140,PURWARAJA,purwaraja,-6.37521129,105.9173153,2022-06-14 02:03:07,2022-06-14 02:03:07
3601140013,3601140,KADUPAYUNG,kadupayung,-6.363766667,105.91508,2022-06-14 02:03:07,2022-06-14 02:03:07
3601140014,3601140,SUKAMANAH,sukamanah,-6.358516667,105.9268955,2022-06-14 02:03:07,2022-06-14 02:03:07
3601140015,3601140,RAMAYA,ramaya,-6.402675,105.9317349,2022-06-14 02:03:07,2022-06-14 02:03:07
3601141001,3601141,BANJARNEGARA,banjarnegara,-6.356092593,105.9588551,2022-06-14 02:03:07,2022-06-14 02:03:07
3601141002,3601141,KADUHEJO,kaduhejo,-6.355072131,105.9492,2022-06-14 02:03:07,2022-06-14 02:03:07
3601141003,3601141,KORANJI,koranji,-6.34925098,105.9348382,2022-06-14 02:03:07,2022-06-14 02:03:07
3601141004,3601141,SANGHIANGDENGDEK,sanghiangdengdek,-6.343173418,105.9563177,2022-06-14 02:03:07,2022-06-14 02:03:07
3601141005,3601141,CILENTUNG,cilentung,-6.33073125,105.9592465,2022-06-14 02:03:07,2022-06-14 02:03:07
3601141006,3601141,KARYAWANGI,karyawangi,-6.342113393,105.9318777,2022-06-14 02:03:07,2022-06-14 02:03:07
3601141007,3601141,BANJARWANGI,banjarwangi,-6.31654413,105.9448409,2022-06-14 02:03:07,2022-06-14 02:03:07
3601141008,3601141,SUKASARI,sukasari,-6.324118386,105.9309466,2022-06-14 02:03:07,2022-06-14 02:03:07
3601141009,3601141,SUKARAJA,sukaraja,-6.32651457,105.9144089,2022-06-14 02:03:07,2022-06-14 02:03:07
3601150001,3601150,PANDAT,pandat,-6.312599569,105.9585004,2022-06-14 02:03:07,2022-06-14 02:03:07
3601150002,3601150,CIKONENG,cikoneng,-6.317790674,105.9838518,2022-06-14 02:03:07,2022-06-14 02:03:07
3601150003,3601150,GIRIPAWANA,giripawana,-6.338172254,106.0004306,2022-06-14 02:03:07,2022-06-14 02:03:07
3601150004,3601150,NEMBOL,nembol,-6.324964205,105.9986466,2022-06-14 02:03:07,2022-06-14 02:03:07
3601150005,3601150,GUNUNGSARI,gunungsari,-6.300884138,106.0235207,2022-06-14 02:03:07,2022-06-14 02:03:07
3601150006,3601150,KURUNGKAMBING,kurungkambing,-6.297578431,106.0177284,2022-06-14 02:03:07,2022-06-14 02:03:07
3601150007,3601150,MANDALASARI,mandalasari,-6.294080117,106.008519,2022-06-14 02:03:07,2022-06-14 02:03:07
3601150008,3601150,MANDALAWANGI,mandalawangi,-6.304490452,105.9952844,2022-06-14 02:03:07,2022-06-14 02:03:07
3601150009,3601150,PARI,pari,-6.302840948,105.9630849,2022-06-14 02:03:07,2022-06-14 02:03:07
3601150010,3601150,SINARJAYA,sinarjaya,-6.294100503,105.9644357,2022-06-14 02:03:07,2022-06-14 02:03:07
3601150011,3601150,SIRNAGALIH,sirnagalih,-6.286413008,105.9967041,2022-06-14 02:03:07,2022-06-14 02:03:07
3601150012,3601150,CURUGLEMO,curuglemo,-6.276370536,106.0017103,2022-06-14 02:03:07,2022-06-14 02:03:07
3601150013,3601150,PANJANGJAYA,panjangjaya,-6.282893814,105.9695778,2022-06-14 02:03:07,2022-06-14 02:03:07
3601150014,3601150,CIKUMBUEUN,cikumbueun,null,null,2022-06-14 02:03:07,2022-06-14 02:03:07
3601150015,3601150,RAMEA,ramea,-6.268722381,105.941375,2022-06-14 02:03:07,2022-06-14 02:03:07
3601160008,3601160,KADUDODOL,kadudodol,-6.363165161,106.0620348,2022-06-14 02:03:07,2022-06-14 02:03:07
3601160009,3601160,GUNUNGDATAR,gunungdatar,-6.372735714,106.0523604,2022-06-14 02:03:07,2022-06-14 02:03:07
3601160011,3601160,SEKONG,sekong,-6.373019595,106.0332828,2022-06-14 02:03:07,2022-06-14 02:03:07
3601160019,3601160,CIMANUK,cimanuk,-6.353422932,106.0337282,2022-06-14 02:03:07,2022-06-14 02:03:07
3601160020,3601160,BATUBANTAR,batubantar,-6.347072868,106.0415744,2022-06-14 02:03:07,2022-06-14 02:03:07
3601160021,3601160,ROCEK,rocek,-6.351029756,106.0505327,2022-06-14 02:03:07,2022-06-14 02:03:07
3601160022,3601160,KADUMADANG,kadumadang,-6.339323404,106.0463887,2022-06-14 02:03:07,2022-06-14 02:03:07
3601160023,3601160,DALEMBALAR,dalembalar,-6.330496396,106.0393703,2022-06-14 02:03:07,2022-06-14 02:03:07
3601160024,3601160,KUPAHANDAP,kupahandap,-6.332174302,106.0319978,2022-06-14 02:03:07,2022-06-14 02:03:07
3601160025,3601160,KADUBUNGBANG,kadubungbang,-6.326097396,106.0205005,2022-06-14 02:03:07,2022-06-14 02:03:07
3601161001,3601161,CIKADUEUN,cikadueun,-6.395802479,106.0081,2022-06-14 02:03:07,2022-06-14 02:03:07
3601161002,3601161,KONCANG,koncang,-6.403281579,106.0157658,2022-06-14 02:03:07,2022-06-14 02:03:07
3601161003,3601161,PASIRMAE,pasirmae,-6.409309239,106.0278848,2022-06-14 02:03:07,2022-06-14 02:03:07
3601161004,3601161,PARUMASAN,parumasan,-6.38467673,106.0260799,2022-06-14 02:03:07,2022-06-14 02:03:07
3601161005,3601161,KADUGADUNG,kadugadung,-6.384736585,106.0164427,2022-06-14 02:03:07,2022-06-14 02:03:07
3601161006,3601161,PALANYAR,palanyar,-6.37907006,106.0130832,2022-06-14 02:03:07,2022-06-14 02:03:07
3601161007,3601161,BATURANJANG,baturanjang,-6.356192015,105.9917897,2022-06-14 02:03:07,2022-06-14 02:03:07
3601161008,3601161,KALANGGUNUNG,kalanggunung,-6.360283784,106.0134392,2022-06-14 02:03:07,2022-06-14 02:03:07
3601161009,3601161,CURUGBARANG,curugbarang,-6.365055944,106.0278406,2022-06-14 02:03:07,2022-06-14 02:03:07
3601161010,3601161,PASIREURIH,pasireurih,-6.348248667,106.0025683,2022-06-14 02:03:07,2022-06-14 02:03:07
3601170004,3601170,CIBEUREUM,cibeureum,-7.369120672,108.4880028,2022-06-14 02:03:07,2022-06-14 02:03:07
3601170005,3601170,CIBODAS,cibodas,-6.3719175,106.1174868,2022-06-14 02:03:07,2022-06-14 02:03:07
3601170007,3601170,KADULIMUS,kadulimus,-6.366251172,106.079807,2022-06-14 02:03:07,2022-06-14 02:03:07
3601170008,3601170,BANDUNG,bandung,-6.373443415,106.088481,2022-06-14 02:03:07,2022-06-14 02:03:07
3601170009,3601170,KADUMANEUH,kadumaneuh,-6.371160938,106.0940115,2022-06-14 02:03:07,2022-06-14 02:03:07
3601170010,3601170,CITALAHAB,citalahab,-6.383362434,106.1103063,2022-06-14 02:03:07,2022-06-14 02:03:07
3601170011,3601170,PASIRAWI,pasirawi,-6.391045109,106.0965076,2022-06-14 02:03:07,2022-06-14 02:03:07
3601170012,3601170,MOGANA,mogana,-6.364079825,106.1198035,2022-06-14 02:03:07,2022-06-14 02:03:07
3601170013,3601170,KADUBALE,kadubale,-6.3511232,106.1092336,2022-06-14 02:03:07,2022-06-14 02:03:07
3601170014,3601170,BANJAR,banjar,-7.371013548,108.5246423,2022-06-14 02:03:07,2022-06-14 02:03:07
3601170015,3601170,GUNUNGPUTRI,gunungputri,-6.355963158,106.0906175,2022-06-14 02:03:07,2022-06-14 02:03:07
3601171001,3601171,BANJARSARI,banjarsari,-6.358216316,106.0756126,2022-06-14 02:03:07,2022-06-14 02:03:07
3601171002,3601171,SUKAMANAH,sukamanah,-6.342157862,106.0806101,2022-06-14 02:03:07,2022-06-14 02:03:07
3601171003,3601171,PALURAHAN,palurahan,-6.338763584,106.0724994,2022-06-14 02:03:07,2022-06-14 02:03:07
3601171004,3601171,KADUGEMBLO,kadugemblo,-6.348057576,106.0674439,2022-06-14 02:03:07,2022-06-14 02:03:07
3601171005,3601171,SUKASARI,sukasari,-6.337972393,106.0600767,2022-06-14 02:03:07,2022-06-14 02:03:07
3601171006,3601171,MANDALASARI,mandalasari,-6.332888587,106.0536342,2022-06-14 02:03:07,2022-06-14 02:03:07
3601171007,3601171,SANINTEN,saninten,-6.294244262,106.0578508,2022-06-14 02:03:07,2022-06-14 02:03:07
3601171008,3601171,BAYUMUNDU,bayumundu,-6.318436,106.033518,2022-06-14 02:03:07,2022-06-14 02:03:07
3601171009,3601171,CAMPAKA,campaka,-6.295767727,106.0359377,2022-06-14 02:03:07,2022-06-14 02:03:07
3601171010,3601171,CIPUTRI,ciputri,-6.338302083,106.0896896,2022-06-14 02:03:07,2022-06-14 02:03:07
3601172001,3601172,RANCABUGEL,rancabugel,-6.40552067,106.0364073,2022-06-14 02:03:07,2022-06-14 02:03:07
3601172002,3601172,WIRASINGA,wirasinga,-6.403263,106.058707,2022-06-14 02:03:07,2022-06-14 02:03:07
3601172003,3601172,PAREANG,pareang,-6.389255172,106.0509956,2022-06-14 02:03:07,2022-06-14 02:03:07
3601172004,3601172,KADUBELANG,kadubelang,-6.38258673,106.0713877,2022-06-14 02:03:07,2022-06-14 02:03:07
3601172005,3601172,MEKARJAYA,mekarjaya,-6.39949507,106.070894,2022-06-14 02:03:07,2022-06-14 02:03:07
3601172006,3601172,KADUJANGKUNG,kadujangkung,-6.415608197,106.0897648,2022-06-14 02:03:07,2022-06-14 02:03:07
3601172007,3601172,MEDONG,medong,-6.403365951,106.0927868,2022-06-14 02:03:07,2022-06-14 02:03:07
3601172008,3601172,SUKAMULYA,sukamulya,-6.385329771,106.0824805,2022-06-14 02:03:07,2022-06-14 02:03:07
3601180003,3601180,KADOMAS,kadomas,-6.332867176,106.1132282,2022-06-14 02:03:07,2022-06-14 02:03:07
3601180004,3601180,BABAKAN KALANGANYAR,babakan kalanganyar,-6.342776571,106.1229057,2022-06-14 02:03:07,2022-06-14 02:03:07
3601180005,3601180,KABAYAN,kabayan,-6.317813376,106.1171739,2022-06-14 02:03:07,2022-06-14 02:03:07
3601180006,3601180,PANDEGLANG,pandeglang,-6.30206758,106.1044767,2022-06-14 02:03:07,2022-06-14 02:03:07
3601181001,3601181,SUKARATU,sukaratu,-6.332112766,106.1001096,2022-06-14 02:03:07,2022-06-14 02:03:07
3601181002,3601181,KARATON,karaton,-6.320517857,106.102278,2022-06-14 02:03:07,2022-06-14 02:03:07
3601181003,3601181,CILAJA,cilaja,-6.302394024,106.0850685,2022-06-14 02:03:07,2022-06-14 02:03:07
3601181004,3601181,SARUNI,saruni,-6.32003481,106.0862968,2022-06-14 02:03:07,2022-06-14 02:03:07
3601181005,3601181,PAGERBATU,pagerbatu,-6.294812255,106.0693108,2022-06-14 02:03:07,2022-06-14 02:03:07
3601190017,3601190,CIKENTRUNG,cikentrung,-6.267011765,106.1535658,2022-06-14 02:03:07,2022-06-14 02:03:07
3601190018,3601190,KAUNGCAANG,kaungcaang,-6.260518462,106.1414792,2022-06-14 02:03:07,2022-06-14 02:03:07
3601190019,3601190,CIINJUK,ciinjuk,-6.269731429,106.1302954,2022-06-14 02:03:07,2022-06-14 02:03:07
3601190020,3601190,CADASARI,cadasari,-6.260963087,106.1200517,2022-06-14 02:03:07,2022-06-14 02:03:07
3601190021,3601190,TAPOS,tapos,-6.255382609,106.1041907,2022-06-14 02:03:07,2022-06-14 02:03:07
3601190022,3601190,TANAGARA,tanagara,-6.271060227,106.1064284,2022-06-14 02:03:07,2022-06-14 02:03:07
3601190023,3601190,KURUNGDAHU,kurungdahu,-6.264921875,106.0949063,2022-06-14 02:03:07,2022-06-14 02:03:07
3601190024,3601190,PASIRPEUTEUY,pasirpeuteuy,-6.264365686,106.0831775,2022-06-14 02:03:07,2022-06-14 02:03:07
3601190025,3601190,KADUENGANG,kaduengang,-6.265433333,106.0680758,2022-06-14 02:03:07,2022-06-14 02:03:07
3601190026,3601190,KADUELA,kaduela,-6.244894531,106.0831492,2022-06-14 02:03:07,2022-06-14 02:03:07
3601190027,3601190,KORANJI,koranji,-6.24779878,106.0949122,2022-06-14 02:03:07,2022-06-14 02:03:07
3601191005,3601191,KADUMERAK,kadumerak,-6.28587,106.119294,2022-06-14 02:03:07,2022-06-14 02:03:07
3601191006,3601191,PAGADUNGAN,pagadungan,-6.29278,106.127362,2022-06-14 02:03:07,2022-06-14 02:03:07
3601191007,3601191,CIGADUNG,cigadung,-6.278717,106.115238,2022-06-14 02:03:07,2022-06-14 02:03:07
3601192001,3601192,PASIRJAKSA,pasirjaksa,-6.320647222,106.1429244,2022-06-14 02:03:07,2022-06-14 02:03:07
3601192002,3601192,BANGKONOL,bangkonol,-6.319827564,106.1363635,2022-06-14 02:03:07,2022-06-14 02:03:07
3601192003,3601192,TEGALONGOK,tegalongok,-6.308508271,106.1412489,2022-06-14 02:03:07,2022-06-14 02:03:07
3601192004,3601192,PASIRKARAG,pasirkarag,-6.308286082,106.1530036,2022-06-14 02:03:07,2022-06-14 02:03:07
3601192005,3601192,PANIIS,paniis,-6.289152217,106.1582975,2022-06-14 02:03:07,2022-06-14 02:03:07
3601192006,3601192,SETRAJAYA,setrajaya,-6.281653409,106.132408,2022-06-14 02:03:07,2022-06-14 02:03:07
3601192007,3601192,KARANGSETRA,karangsetra,-6.282420896,106.1427201,2022-06-14 02:03:07,2022-06-14 02:03:07
3601192008,3601192,PAKULURAN,pakuluran,-6.277222222,106.1459431,2022-06-14 02:03:07,2022-06-14 02:03:07
3601192009,3601192,KORONCONG,koroncong,-6.276459524,106.1624,2022-06-14 02:03:07,2022-06-14 02:03:07
3601192010,3601192,GERENDONG,gerendong,-6.269933333,106.1645366,2022-06-14 02:03:07,2022-06-14 02:03:07
3601192011,3601192,AWILEGA,awilega,-6.263197516,106.1697609,2022-06-14 02:03:07,2022-06-14 02:03:07
3601192012,3601192,SUKAJAYA,sukajaya,-6.256281176,106.1693047,2022-06-14 02:03:07,2022-06-14 02:03:07
